<application>
  <component name="ConsoleFoldingSettings">
    <option name="addedPositive">
      <list>
        <option value="&quot;C:\Intellij Idea Community Edition\JAVA 17\bin\java.exe&quot; &quot;-javaagent:C:\Intellij Idea Community Edition\IntelliJ IDEA Community Edition 2021.3\lib\idea_rt.jar=55234:C:\Intellij Idea Community Edition\IntelliJ IDEA Community Edition 2021.3\bin&quot; -Dfile.encoding=UTF-8 -classpath &quot;C:\Users\NANDANGN\Desktop\Learning Resources\Java Programs From Basics New Version\out\production\Java Programs From Basics New Version&quot;" />
        <option value="&quot;C:\Intellij Idea Community Edition\JAVA 17\bin\java.exe&quot; &quot;-javaagent:C:\Intellij Idea Community Edition\IntelliJ IDEA Community Edition 2021.3\lib\idea_rt.jar=55605:C:\Intellij Idea Community Edition\IntelliJ IDEA Community Edition 2021.3\bin&quot; -Dfile.encoding=UTF-8 -classpath &quot;C:\Users\NANDANGN\Desktop\Learning Resources\Java Programs From Basics New Version\out\production\Java Programs From Basics New Version&quot;" />
      </list>
    </option>
  </component>
</application>