<keymap version="1" name="Windows copy Proper Redo" parent="$default">
  <action id="$Redo">
    <keyboard-shortcut first-keystroke="shift ctrl z" />
    <keyboard-shortcut first-keystroke="shift alt back_space" />
    <keyboard-shortcut first-keystroke="ctrl y" />
  </action>
  <action id="Console.Execute.Multiline" />
  <action id="Console.SplitLine" />
  <action id="DirDiffMenu.SynchronizeDiff.All" />
  <action id="EditorDeleteLine" />
  <action id="EditorSplitLine" />
  <action id="KotlinShellExecute" />
  <action id="Run">
    <keyboard-shortcut first-keystroke="ctrl enter" />
  </action>
  <action id="SplitChooser.Duplicate" />
  <action id="Terminal.SmartCommandExecution.Run" />
  <action id="ViewSource" />
</keymap>